{"cameraMode":{"drawMode":0,"name":"Shaded","section":"Shading Mode"},"sceneLighting":false,"audioPlay":false,"sceneViewState":{"m_AlwaysRefresh":false,"showFog":true,"showSkybox":false,"showFlares":true,"showImageEffects":true,"showParticleSystems":true,"showVisualEffectGraphs":true,"m_FxEnabled":true},"in2DMode":false,"pivot":{"x":0.6072078347206116,"y":0.9839779138565064,"z":1.9452954530715943},"rotation":{"x":0.17032361030578614,"y":0.13551689684391023,"z":-0.02363058365881443,"w":0.9757654070854187},"size":1.9199450016021729,"orthographic":false}