{"cameraMode":{"drawMode":0,"name":"Shaded","section":"Shading Mode"},"sceneLighting":false,"audioPlay":false,"sceneViewState":{"m_AlwaysRefresh":false,"showFog":true,"showSkybox":false,"showFlares":true,"showImageEffects":true,"showParticleSystems":true,"showVisualEffectGraphs":true,"m_FxEnabled":true},"in2DMode":false,"pivot":{"x":-0.12517207860946656,"y":0.809999942779541,"z":-15.199999809265137},"rotation":{"x":0.20270253717899323,"y":-0.28181836009025576,"z":0.06105931103229523,"w":0.9358434677124023},"size":1.2247449159622193,"orthographic":false}