{"cameraMode":{"drawMode":0,"name":"Shaded","section":"Shading Mode"},"sceneLighting":true,"audioPlay":false,"sceneViewState":{"m_AlwaysRefresh":false,"showFog":true,"showSkybox":true,"showFlares":true,"showImageEffects":true,"showParticleSystems":true,"showVisualEffectGraphs":true,"m_FxEnabled":true},"in2DMode":false,"pivot":{"x":-0.12200021743774414,"y":9.860000610351563,"z":-19.860000610351564},"rotation":{"x":0.1941102147102356,"y":0.7830139994621277,"z":-0.29768431186676028,"w":0.5105450749397278},"size":12.124356269836426,"orthographic":false}