{"cameraMode":{"drawMode":0,"name":"Shaded","section":"Shading Mode"},"sceneLighting":false,"audioPlay":false,"sceneViewState":{"m_AlwaysRefresh":false,"showFog":true,"showSkybox":false,"showFlares":true,"showImageEffects":true,"showParticleSystems":true,"showVisualEffectGraphs":true,"m_FxEnabled":true},"in2DMode":false,"pivot":{"x":-1.9150183200836182,"y":0.060365915298461917,"z":0.021435260772705079},"rotation":{"x":0.22477275133132935,"y":-0.029227400198578836,"z":0.006766284815967083,"w":0.9739731550216675},"size":0.9433338642120361,"orthographic":false}